,file.name,threshold_30,threshold_25,salvageable_30,tentative_score,new_threshold,trim_before,trim_after,recommendation
1,ML15562_terminal_strophes.wav,yes,yes,,,NA,0,1.08585034013605,
2,ML15563_terminal_strophes.wav,yes,use,,,30,0,0.955736961451247,
3,ML15564_terminal_strophes.wav,yes,yes,,,NA,0,1.07938775510204,
4,ML15565_terminal_strophes.wav,yes,use,,,30,0,1.45111111111111,
5,ML15568_terminal_strophes.wav,yes,yes,,,NA,0,1.97240362811791,
6,ML15570_terminal_strophes.wav,yes,yes,,,NA,0,1.37414965986395,
7,ML15571_terminal_strophes.wav,yes,yes,,,NA,0,1.32242630385488,
8,ML15572_terminal_strophes.wav,yes,yes,,,NA,0,1.51718820861678,
9,ML15573_terminal_strophes.wav,yes,use,,,30,0,1.49185941043084,
10,ML15574_terminal_strophes.wav,yes,yes,,,NA,0,0.923854875283447,
11,ML15575_terminal_strophes.wav,yes,use,,,30,0,0.788049886621315,
12,ML15576_terminal_strophes.wav,yes,yes,,,NA,0,0.980408163265306,
13,ML15577_terminal_strophes.wav,trim,no,yes,,NA,0,0.961700680272109,
14,ML15578_terminal_strophes.wav,no,use,yes,,45,0,0.952721088435374,
15,ML15580_terminal_strophes.wav,yes,yes,,,NA,0,1.35993197278912,
16,ML15581_terminal_strophes.wav,yes,yes,,,NA,0,0.975600907029478,
17,ML15582_terminal_strophes.wav,yes,use,,,30,0,0.86265306122449,
18,ML15583_terminal_strophes.wav,no,no,no,,NA,0,1.47063492063492,
19,ML15584_terminal_strophes.wav,yes,yes,,,NA,0,1.14344671201814,
20,ML15585_terminal_strophes.wav,no,no,no,NA,NA,0,4.14873015873016,
21,ML15590_terminal_strophes.wav,yes,use,,,30,0,1.5737641723356,
22,ML15592_terminal_strophes.wav,yes,yes,,,NA,0,0.962244897959184,
23,ML15593_terminal_strophes.wav,no,use,yes,,45,0,1.00437641723356,
24,ML15599_terminal_strophes.wav,yes,yes,,,NA,0,1.63292517006803,
25,ML15600_terminal_strophes.wav,yes,use,,,30,0,1.03083900226757,
26,ML15601_terminal_strophes.wav,yes,yes,,,NA,0,1.02469387755102,
27,ML15602_terminal_strophes.wav,yes,yes,,,NA,0,2.18140589569161,
28,ML15606_terminal_strophes.wav,yes,yes,,,NA,0,1.03691609977324,
29,ML15607_terminal_strophes.wav,yes,yes,,,NA,0,2.04503401360544,
30,ML15608_terminal_strophes.wav,yes,yes,,,NA,0,1.00839002267574,
31,ML15610_terminal_strophes.wav,yes,yes,,,NA,0,2.88925170068027,
32,ML18735_terminal_strophes.wav,yes,yes,,,NA,0,1.62204081632653,
33,ML26122_terminal_strophes.wav,no,yes,yes,,NA,0,0.987868480725624,
34,ML36984_terminal_strophes.wav,yes,yes,,,NA,0,1.6337641723356,
35,ML66742_terminal_strophes.wav,no,use,yes,triplet?,45,0,1.00668934240363,ambiguous (amplitude drop between last two notes of triplet not as extreme)?
36,ML66745_terminal_strophes.wav,yes,yes,,,NA,0,1.42251700680272,
37,ML66752_terminal_strophes.wav,yes,yes,,,NA,0,1.05160997732426,
38,ML66753_terminal_strophes.wav,no,yes,yes,,NA,0,1.4402947845805,
39,ML66754_terminal_strophes.wav,no,no,no,,NA,0,1.46938775510204,
40,ML66756_terminal_strophes.wav,yes,yes,,,NA,0,2.05829931972789,
41,ML66757_terminal_strophes.wav,yes,yes,,,NA,0,1.52274376417234,
42,ML66758_terminal_strophes.wav,no,use,yes,,45,0,1.0515873015873,
43,ML66759_terminal_strophes.wav,yes,yes,,,NA,0,1.56807256235828,
44,ML66760_terminal_strophes.wav,yes,yes,,,NA,0,1.44798185941043,
45,ML66761_terminal_strophes.wav,yes,yes,,,NA,0,2.00274376417234,
46,ML66764_terminal_strophes.wav,no,yes,yes,,NA,0,1.50861678004535,
47,ML66765_terminal_strophes.wav,yes,yes,,,NA,0,1.51696145124717,
48,ML66768_terminal_strophes.wav,yes,yes,,,NA,0,2.34922902494331,
49,ML66769_terminal_strophes.wav,yes,yes,,,NA,0,1.05662131519274,
50,ML66770_terminal_strophes.wav,yes,yes,,,NA,0,1.05501133786848,
51,ML66771_terminal_strophes.wav,yes,yes,,,NA,0,1.08294784580499,
52,ML66772_terminal_strophes.wav,no,yes,yes,,NA,0,1.07,
53,ML66774_terminal_strophes.wav,yes,yes,,,NA,0,1.10213151927438,
54,ML66776_terminal_strophes.wav,yes,yes,,,NA,0,1.48510204081633,
55,ML66777_terminal_strophes.wav,yes,yes,,,NA,0,1.06192743764172,
56,ML66778_terminal_strophes.wav,yes,yes,,,NA,0,1.00208616780045,
57,ML66779_terminal_strophes.wav,yes,yes,,,NA,0,1.00975056689342,
58,ML66780_terminal_strophes.wav,yes,yes,,,NA,0,1.59002267573696,
59,ML66781_terminal_strophes.wav,no,no,no,,NA,0,1.0427664399093,
60,ML66783_terminal_strophes.wav,yes,yes,,,NA,0,0.925986394557823,
61,ML66784_terminal_strophes.wav,no,no,no,NA,NA,0,1.1324716553288,
62,ML66786_terminal_strophes.wav,yes,use,,,30,0,1.0292970521542,
63,ML66788_terminal_strophes.wav,no,yes,yes,,NA,0,1.62390022675737,
64,ML66789_terminal_strophes.wav,yes,yes,,,NA,0,1.03798185941043,
65,ML66791_terminal_strophes.wav,yes,yes,,,NA,0,1.05120181405896,
66,ML66792_terminal_strophes.wav,yes,use,,,30,0,2.61124716553288,
67,ML66793_terminal_strophes.wav,yes,yes,,,NA,0,1.49482993197279,
68,ML73982_terminal_strophes.wav,yes,yes,,,NA,0,1.07671201814059,
69,ML73984_terminal_strophes.wav,yes,yes,,,NA,0,1.03879818594104,
70,ML73990_terminal_strophes.wav,yes,yes,,,NA,0,1.69954648526077,
71,ML77095_terminal_strophes.wav,yes,yes,,,NA,0,1.76238095238095,
72,ML84752_terminal_strophes.wav,yes,yes,,,NA,0,1.15986394557823,
73,ML98806_terminal_strophes.wav,yes,yes,,,NA,0,1.08582766439909,
74,ML98816_terminal_strophes.wav,yes,yes,,,NA,0,1.16836734693878,
75,ML100883_terminal_strophes.wav,yes,yes,,,NA,0,1.37120181405896,
76,ML107292_terminal_strophes.wav,no,yes,yes,,NA,0,1.52573696145125,
77,ML117995_terminal_strophes.wav,no,yes,yes,,NA,0,1.67503401360544,
78,ML133972_terminal_strophes.wav,no,no,no,,NA,0,1.68471655328798,
79,ML136579_terminal_strophes.wav,yes,yes,,,NA,0,1.36229024943311,
80,ML140282_terminal_strophes.wav,yes,yes,,,NA,0,1.8512925170068,
81,ML146267_terminal_strophes.wav,yes,yes,,,NA,0,1.48857142857143,
82,ML169021_terminal_strophes.wav,yes,yes,,,NA,0,1.89888888888889,
83,ML205319_terminal_strophes.wav,yes,yes,,,NA,0,1.16451247165533,
84,ML219798_terminal_strophes.wav,yes,yes,,,NA,0,1.64362811791383,
85,ML219799_terminal_strophes.wav,yes,yes,,,NA,0,1.68496598639456,
86,ML224605_terminal_strophes.wav,yes,yes,,,NA,0,1.26507936507937,
87,ML224609_terminal_strophes.wav,yes,yes,,,NA,0,1.2278231292517,
88,ML20752341_terminal_strophes.wav,no,no,no,,NA,0,1.37848072562358,
89,ML21866961_terminal_strophes.wav,no,no,no,,NA,0,1.20297052154195,
90,ML26983461_terminal_strophes.wav,no,no,no,doublet?,NA,0,2.101125,
91,ML27192051_terminal_strophes.wav,no,no,no,doublet drops,NA,0,0.9,
92,ML27192071_terminal_strophes.wav,no,use,no,doublet,10,0,0.85,
93,ML27522691_terminal_strophes.wav,yes,use,,,20,0,1.30011337868481,
94,ML28196461_terminal_strophes.wav,no,no,no,doublet drops,NA,0,1.29433333333333,
95,ML29893601_terminal_strophes.wav,no,no,no,doublet drops,NA,0,1.22210416666667,
96,ML31406421_terminal_strophes.wav,no,no,no,NA,NA,0,1.8128125,
97,ML31612451_terminal_strophes_doublet.wav,no,no,no,doublet drops?,NA,0.45,1.61927437641723,where do i trim?
98,ML31612451_terminal_strophes_triplet.wav,yes,yes,,,NA,0,1.42421768707483,
99,ML31716761_terminal_strophes.wav,no,no,no,NA,NA,0,1.77533333333333,
100,ML34904071_terminal_strophes.wav,yes,yes,yes,doublet drops,NA,0,1.078375,
101,ML38458241_terminal_strophes.wav,yes,yes,yes,doublet drops,NA,0,1.94918367346939,
102,ML39355611_terminal_strophes_doublet.wav,yes,yes,,doublet,NA,0,1.14707482993197,
103,ML39355611_terminal_strophes_triplet.wav,no,no,no,,NA,0,1.55349206349206,
104,ML39355641_terminal_strophes.wav,no,yes,yes,,NA,0,1.40299319727891,
105,ML39901471_terminal_strophes.wav,yes,yes,,,NA,0,2.04929166666667,
106,ML39908121_terminal_strophes.wav,yes,yes,,,NA,0,1.12383333333333,
107,ML41194381_terminal_strophes.wav,no,no,no,,NA,0,1.27784580498866,
108,ML41694471_terminal_strophes.wav,no,yes,yes,,NA,0,1.44158333333333,
109,ML47699151_terminal_strophes.wav,no,no,no,NA,NA,0,2.48183673469388,
110,ML47740971_terminal_strophes.wav,no,no,no,NA,NA,0,2.13779166666667,
111,ML49064811_terminal_strophes.wav,no,yes,yes,doublet drops,NA,0,1.60085416666667,
112,ML51018801_terminal_strophes.wav,yes,yes,,,NA,0,1.8169387755102,
113,ML52577121_terminal_strophes.wav,no,use,yes,,10,0,1.39482993197279,
114,ML52836791_terminal_strophes.wav,no,no,no,doublet,NA,0,1.72136458333333,
115,ML52837721_terminal_strophes.wav,no,use,no,,20,0,1.71395833333333,
116,ML54188011_terminal_strophes.wav,yes,yes,yes,doublet drops,NA,0,1.68095238095238,
117,ML54340501_terminal_strophes.wav,trim,yes,yes,doublet drops,NA,0,1.259625,
118,ML54362381_terminal_strophes.wav,no,no,no,,NA,0,1.60510416666667,
119,ML54492741_terminal_strophes.wav,no,no,no,,NA,0,1.2904375,
120,ML54547061_terminal_strophes.wav,no,no,yes,,NA,0,2.05416666666667,
121,ML54554911_terminal_strophes.wav,no,use,yes,,20,0,1.27766666666667,
122,ML54610761_terminal_strophes.wav,no,no,no,NA,NA,0,1.7020625,
123,ML54838341_terminal_strophes.wav,no,yes,yes,doublet,NA,0,1.25629166666667,
124,ML55055931_terminal_strophes.wav,no,use,yes,,15,0,1.83072562358277,
125,ML55350731_terminal_strophes.wav,no,no,no,,NA,0,1.35102040816327,
126,ML55593151_terminal_strophes.wav,no,use,yes,,20,0,2.02328798185941,
127,ML56021031_terminal_strophes.wav,yes,yes,,,NA,0,1.39553287981859,
128,ML56998831_terminal_strophes.wav,trim,yes,yes,doublet drops,NA,0,1.20233333333333,
129,ML57168021_terminal_strophes.wav,no,no,no,,NA,0,2.008,
130,ML93491201_terminal_strophes.wav,no,use,yes,,20,0,1.16441666666667,
131,ML93553411_terminal_strophes.wav,trim,yes,yes,doublet drops,NA,0,1.77850340136054,
132,ML93834681_terminal_strophes.wav,no,use/trim,yes,,27,0,1.35,alt: threshold 20
133,ML94043581_terminal_strophes.wav,no,no,no,,NA,0,1.61757369614512,
134,ML94120091_terminal_strophes.wav,no,no,no,doublet drops,NA,0,1.15,
135,ML94146141_terminal_strophes.wav,no,no,no,,NA,0,1.33374149659864,
136,ML94149261_terminal_strophes.wav,yes,yes,,doublet,NA,0,1.13102083333333,
137,ML94685391_terminal_strophes.wav,no,no,yes,,NA,0,1.42860416666667,
138,ML94746021_terminal_strophes.wav,no,no,no,doublet,NA,0,2.17860416666667,
139,ML95743871_terminal_strophes.wav,no,no,no,,NA,0,1.42789115646259,
140,ML95939711_terminal_strophes.wav,no,no,no,NA,NA,0,2.47052154195011,
141,ML95963851_terminal_strophes.wav,no,use,yes,,20,0,1.32566666666667,
142,ML96083341_terminal_strophes.wav,no,no,no,,NA,0,1.33773242630385,
143,ML96722551_terminal_strophes.wav,no,no,yes,doublet,NA,0,1.2,"tiny tiny gap? alt: threshold to 20%, trim at 1.2"
144,ML96749011_terminal_strophes.wav,no,no,no,,NA,0,2.66108333333333,
145,ML96789591_terminal_strophes.wav,no,no,no,,NA,0,1.30122448979592,
146,ML97130171_terminal_strophes.wav,no,no,no,,NA,0,1.29628117913832,
147,ML97718781_terminal_strophes.wav,no,use,yes,triplet?,NA,0,1.38104308390023,**ambiguous? it's clean but weird
148,ML97782401_terminal_strophes.wav,no,yes,yes,doublet,NA,0,1.50024943310658,
149,ML102373331_terminal_strophes.wav,yes,yes,,,NA,0,1.96648526077098,
150,ML102438111_terminal_strophes.wav,no,no,no,doublet,NA,0.25,1.00326530612245,**only four notes?
151,ML103667581_terminal_strophes.wav,no,use,yes,,10,0,1.30739229024943,
152,ML103786851_terminal_strophes.wav,no,no,no,,NA,0,1.49390022675737,
153,ML104284141_terminal_strophes.wav,no,no,,NA,NA,0,1.72730158730159,
154,ML104303161_terminal_strophes.wav,no,trim,yes,doublet,NA,0.25,1.1,
155,ML104526071_terminal_strophes.wav,no,no,no,,NA,0,1.46825396825397,
156,ML104716561_terminal_strophes.wav,yes,yes,,,NA,0,1.41175,
157,ML104970781_terminal_strophes.wav,yes,use,yes,doublet drops,20,0,1.66634920634921,
158,ML105044581_terminal_strophes.wav,no,no,no,,NA,0,1.3685625,
159,ML105213831_terminal_strophes.wav,yes,yes,,,NA,0,1.70956916099773,
160,ML105680731_terminal_strophes.wav,no,yes,yes,,NA,0,1.89854875283447,
161,ML105916381_terminal_strophes.wav,no,no,no,,NA,0,2.10497916666667,
162,ML105954241_terminal_strophes.wav,yes,use,yes,doublet drops,15,0,1.61472916666667,
163,ML106300881_terminal_strophes.wav,no,use,yes,doublet,15,0,1.26414965986395,
164,ML106441141_terminal_strophes.wav,no,yes,yes,,NA,0,1.2984126984127,
165,ML106497711_terminal_strophes.wav,yes,yes,yes,doublet drops,NA,0,1.30577083333333,
166,ML106877561_terminal_strophes.wav,trim,use,yes,doublet drops,NA,0,0.85,**alt: lower threshold to ~20%
167,ML106877611_terminal_strophes.wav,no,no,no,NA,NA,0,2.81672916666667,
168,ML106961551_terminal_strophes.wav,no,use,yes,doublet,NA,0,1,"**alt: lower threshold to 20%, trim before 0.25"
169,ML107795761_terminal_strophes.wav,yes,yes,,,NA,0,1.36070833333333,
170,ML108297581_terminal_strophes.wav,no,use,no,,NA,0,1.07660416666667,ambiguous?
171,ML122289641_terminal_strophes.wav,no,use,,,NA,0,1.2430625,
172,ML122576641_terminal_strophes.wav,yes,yes,,,NA,0,1.16489583333333,
173,ML124298691_terminal_strophes.wav,yes,yes,,,NA,0,1.90672916666667,
174,ML143538121_terminal_strophes.wav,no,use,yes,,10,0,1.428125,
175,ML147868031_terminal_strophes.wav,no,no,no,,NA,0,1.37966666666667,
176,ML148001361_terminal_strophes.wav,no,no,no,NA,NA,0,1.28442176870748,
177,ML148643661_terminal_strophes.wav,no,no,no,NA,NA,0,1.91027083333333,
178,ML149149781_terminal_strophes.wav,no,no,yes,,NA,0,1.41299319727891,
179,ML149162841_terminal_strophes.wav,no,no,no,,NA,0,1.49378684807256,
180,ML149175611_terminal_strophes.wav,no,no,no,,NA,0,2.03079365079365,
181,ML149181651_terminal_strophes.wav,no,trim,yes,doublet drops,NA,0,1.2,
182,ML149181731_terminal_strophes.wav,yes,yes,,doublet,NA,0,1.257625,
183,ML149539611_terminal_strophes.wav,no,no,no,NA,NA,0,2.00652083333333,
184,ML149539621_terminal_strophes.wav,no,no,no,NA,NA,0,1.52510416666667,
185,ML149676381_terminal_strophes.wav,yes,use,yes,doublet drops,30,0,1.61460416666667,good example of an ambiguous recording (doublet drop vs triplet)
186,ML149714511_terminal_strophes.wav,no,no,no,,NA,0,2.03745833333333,
187,ML149927141_terminal_strophes.wav,trim,use,yes,doublet drops,NA,0,0.8,**alt: 20% threshold?
188,ML150285871_terminal_strophes.wav,no,no,no,NA,NA,0,2.24920833333333,
189,ML150335931_terminal_strophes.wav,no,use,yes,,15,0,1.45964583333333,
190,ML150436541_terminal_strophes.wav,no,no,no,,NA,0,1.33316666666667,
191,ML150436551_terminal_strophes.wav,no,use,yes,,5,0,2.763125,
192,ML150470201_terminal_strophes.wav,no,no,no,,NA,0,1.998875,
193,ML150584681_terminal_strophes.wav,yes,use,,,30,0,1.30008333333333,
194,ML150778241_terminal_strophes.wav,no,no,no,,NA,0,1.98852607709751,
195,ML150795391_terminal_strophes.wav,no,no,no,,NA,0,1.33757369614512,
196,ML150818621_terminal_strophes.wav,no,yes,yes,,NA,0,1.6015873015873,
197,ML150821241_terminal_strophes.wav,no,no,no,NA,NA,0,1.88554166666667,
198,ML150858011_terminal_strophes.wav,no,no,no,NA,NA,0,1.76160997732426,
199,ML150888471_terminal_strophes.wav,no,no,no,doublet,NA,0,1.25122916666667,
200,ML151217251_terminal_strophes.wav,no,use,yes,doublet,NA,0,2.078625,should i trim or is it useless?
201,ML151217291_terminal_strophes.wav,yes,yes,,doublet,NA,0,1.247125,
202,ML151217311_terminal_strophes.wav,no,no,no,doublet,NA,0,1.2,repeat of ML149181651
203,ML151240401_terminal_strophes.wav,yes,use,yes,,30,0,1.282375,
204,ML152040921_terminal_strophes.wav,no,use,yes,,10,0,1.25247916666667,
205,ML152069651_terminal_strophes.wav,no,use/trim,yes,doublet,28,0,2.5,
206,ML152125251_terminal_strophes.wav,no,no,yes,doublet,NA,0,2.12750566893424,ambiguous? trim?
207,ML152251971_terminal_strophes.wav,no,no,no,NA,NA,0,2.63734693877551,
208,ML152366311_terminal_strophes.wav,yes,yes,,,NA,0,1.97014583333333,
209,ML152381611_terminal_strophes.wav,no,use,yes,,10,0,1.2396875,
210,ML152426451_terminal_strophes.wav,no,use,yes,,10,0,1.80566666666667,
211,ML152567031_terminal_strophes.wav,no,no,no,NA,NA,0,2.0489375,
212,ML152587961_terminal_strophes.wav,no,yes,yes,,NA,0,1.26890625,
213,ML152655191_terminal_strophes.wav,no,no,no,,NA,0,1.3614375,
214,ML152763311_terminal_strophes.wav,no,no,no,,NA,0,2.02333333333333,
215,ML152895731_terminal_strophes.wav,no,no,no,NA,NA,0,1.13902494331066,
216,ML152956471_terminal_strophes_doublet.wav,no,no,yes,doublet,NA,0,1.1,
217,ML152956471_terminal_strophes_triplet.wav,no,no,no,,NA,0,1.33102040816327,
218,ML153008851_terminal_strophes.wav,no,no,no,doublet,NA,0,1.46242630385488,
219,ML153175621_terminal_strophes.wav,yes,use,yes,doublet drops,10,0,1.26210416666667,
220,ML153443091_terminal_strophes.wav,yes,yes,,,NA,0,1.37975,
221,ML153561511_terminal_strophes.wav,no,no,no,NA,NA,0,1.20621315192744,
222,ML153826801_terminal_strophes.wav,no,yes,yes,,NA,0,1.60558333333333,
223,ML153826821_terminal_strophes.wav,no,yes,yes,,27,0,1.94010416666667,
224,ML153829731_terminal_strophes.wav,no,no,no,NA,NA,0,2.51315192743764,
225,ML153920471_terminal_strophes.wav,no,no,no,NA,NA,0,1.34052154195011,
226,ML154019221_terminal_strophes.wav,no,use,yes,doublet,24,0,1.55079166666667,
227,ML154043581_terminal_strophes.wav,no,yes,yes,,NA,0,1.57836734693878,
228,ML154118571_terminal_strophes.wav,no,no,no,NA,NA,0,2.04054421768707,
229,ML154127181_terminal_strophes.wav,no,no,yes,doublet,10,0.25,1.39483333333333,
230,ML154323861_terminal_strophes.wav,no,no,yes,doublet,NA,0,1.45800453514739,
231,ML154719841_terminal_strophes.wav,no,no,no,NA,NA,0,1.21370833333333,
232,ML155337671_terminal_strophes.wav,no,no,no,,NA,0,1.9365306122449,
233,ML156859031_terminal_strophes.wav,no,no,no,,NA,0,1.27589569160998,
234,ML157366601_terminal_strophes.wav,no,no,no,,NA,0,1.90219954648526,
235,ML158046011_terminal_strophes.wav,yes,yes,,,NA,0,2.6587074829932,
236,ML158343781_terminal_strophes.wav,no,no,yes,,NA,0,1.26455782312925,
237,ML160302201_terminal_strophes.wav,no,no,no,doublet,NA,0.7,1.51941666666667,**alt: threshold to 24? (halp)
238,ML160553361_terminal_strophes.wav,trim,trim,no,doublet drops,NA,0,0.95,
239,ML160870871_terminal_strophes.wav,no,no,no,NA,NA,0,2.56902494331066,
240,ML161672591_terminal_strophes.wav,trim,use,yes,doublet drops,20,0,0.95,
241,ML162376291_terminal_strophes.wav,no,yes,yes,doublet,NA,0,1.36424036281179,
242,ML163314261_terminal_strophes.wav,no,use,yes,,20,0,1.165,
243,ML163438911_terminal_strophes.wav,yes,yes,,,NA,0,1.9203125,
244,ML163588521_terminal_strophes.wav,yes,yes,,,NA,0,1.2796875,
245,ML163885511_terminal_strophes.wav,no,use,yes,,NA,0,1.25,
246,ML164722191_terminal_strophes.wav,no,no,no,NA,NA,0,1.49637188208617,
247,WTSP1.wav,yes,yes,,,NA,0,1.1311875,
248,WTSP2.wav,no,yes,yes,,NA,0,1.554625,
249,WTSP3.wav,no,no,no,NA,NA,0,1.39077097505669,
250,WTSP4.wav,yes,yes,yes,doublet drops?,NA,0,1.14616780045351,
251,WTSP5.wav,no,yes,yes,doublet,NA,0,1.5928125,
252,WTSP6.wav,yes,yes,yes,doublet drops,NA,0,1.18916099773243,
253,WTSP7.wav,no,use,yes,triplet?,NA,0,2.52066666666667,ambiguous?
254,WTSP8.wav,no,no,yes,,NA,0,0.85,
255,WTSP9.wav,yes,yes,yes,doublet drops?,NA,0,1.52904166666667,
256,WTSP10.wav,no,no,yes,doublet drops,NA,0,0.85,
257,WTSP11.wav,no,yes,yes,doublet drops,NA,0,1.40716666666667,
258,WTSP12.wav,no,no,no,NA,NA,0,1.26533333333333,
259,WTSP13.wav,yes,yes,,doublet drops,NA,0,1.4359410430839,
260,WTSP14.wav,trim,yes,yes,doublet drops,NA,0,1.198375,
261,WTSP15.wav,yes,yes,yes,doublet drops?,NA,0,2.33529166666667,
262,WTSP16.wav,no,no,no,NA,NA,0,2.34389583333333,
263,WTSP17.wav,no,use,yes,triplet?,NA,0,0.9,alt: threshold to 23%
264,WTSP18.wav,no,no,no,NA,NA,0,1.43823129251701,
265,WTSP19.wav,no,no,no,NA,NA,0,2.6093125,
266,WTSP20.wav,no,no,no,NA,NA,0,2.6093125,
267,WTSP21.wav,yes,yes,yes,doublet drops,NA,0,1.76308333333333,
268,WTSP22.wav,no,use,no,doublet drops,NA,0,0.85,
269,WTSP23.wav,yes,yes,,triplet?,NA,0,1.7383125,
270,WTSP24.wav,no,use,yes,,NA,0,1.1,
271,WTSP25.wav,yes,yes,,,NA,0,1.08770833333333,
272,WTSP26.wav,no,no,no,doublet?,NA,0,1.63689583333333,
273,WTSP27.wav,no,use/trim,yes,,28,0.65,2.80108333333333,
274,WTSP28.wav,yes,yes,yes,doublet drops,NA,0,1.62666666666667,
275,WTSP29.wav,trim,yes,yes,doublet drops,NA,0,1.64487528344671,
276,WTSP30.wav,no,use,yes,,15,0,1.65342403628118,
277,WTSP31.wav,no,use,yes,,45,0,0.97415625,
278,WTSP32.wav,no,no,no,NA,NA,0,1.48083333333333,
279,WTSP33.wav,yes,yes,,doublet,NA,0,1.40065759637188,
280,WTSP34.wav,yes,yes,,,NA,0,2.009,
281,WTSP35.wav,no,use,yes,,23,0,1.2684126984127,
282,WTSP36.wav,yes,use,,,45,0,1.38534375,
283,WTSP37.wav,no,yes,yes,triplet?,NA,0,1.6245,
284,WTSP38.wav,no,use,yes,NA,10,0,1.2150566893424,
285,WTSP39.wav,no,use,yes,,15,0.75,2.22260770975057,
286,WTSP40.wav,no,use,yes,NA,NA,0,1.18333333333333,ambiguous?
287,WTSP41.wav,yes,yes,yes,doublet drops,NA,0,1.76170068027211,listen to recording
288,WTSP42.wav,yes,yes,,,NA,0,1.29920634920635,
289,WTSP43.wav,yes,yes,,,NA,0,1.10295833333333,
290,WTSP44.wav,yes,yes,,,NA,0,2.13149659863946,
291,WTSP45.wav,yes,trim,yes,doublet drops,NA,0,0.75,halp?
292,WTSP46.wav,no,trim,yes,doublet drops?,NA,0,1.1,ambiguous?
293,WTSP47.wav,yes,yes,,,NA,0,1.90328798185941,
294,WTSP48.wav,yes,yes,,,NA,0,1.36322916666667,
295,WTSP49.wav,yes,yes,,,NA,0,1.23146875,
296,WTSP50.wav,yes,yes,yes,doublet drops,NA,0,1.4443125,listen to recording
297,WTSP51.wav,no,use,yes,doublet,20,0,1.80475,
298,WTSP52.wav,yes,yes,,,NA,0,2.44585416666667,
299,WTSP53.wav,no,no,no,NA,NA,0,1.46927437641723,
300,WTSP54.wav,no,use,yes,doublet drops,10,0,1.3675,"lower threshold to 15%, listen to recording"
301,WTSP55.wav,no,yes,yes,doublet,NA,0,1.81879166666667,
302,WTSP56.wav,no,use,yes,,45,0,1.13472916666667,
303,WTSP57.wav,no,no,no,NA,NA,0,1.66433333333333,
304,WTSP58.wav,yes,yes,,doublet,NA,0,1.9891875,
305,WTSP59.wav,yes,yes,,,NA,0,1.44266666666667,
306,WTSP60.wav,no,yes,yes,doublet,NA,0,1.90969791666667,
307,WTSP61.wav,no,no,no,NA,NA,0,1.70458333333333,
308,WTSP62.wav,yes,yes,,,NA,0,1.22419791666667,
309,WTSP63.wav,no,no,yes,NA,45,0,0.662208333333333,listen to recording; rhythm is weird
310,WTSP64.wav,trim,yes,yes,doublet drops,NA,0,2.7234693877551,
311,WTSP65.wav,no,no,no,doublet drops,NA,0,2.45607709750567,
312,WTSP66.wav,yes,yes,,,NA,0,1.15495833333333,
313,WTSP67.wav,no,no,no,NA,NA,0,0.950226757369614,
314,WTSP68.wav,no,no,yes,doublet drops,NA,0,1.25,
315,WTSP69.wav,no,use,yes,,NA,0.6,1.90183673469388,alt: threshold to 20
316,WTSP70.wav,trim,use,yes,doublet drops,NA,0,1.3,
317,WTSP71.wav,yes,yes,yes,doublet drops,NA,0,1.79310416666667,
318,WTSP72.wav,no,no,no,,NA,0,1.839375,
319,WTSP73.wav,yes,yes,,,NA,0,1.43315192743764,
320,WTSP74.wav,yes,yes,,,NA,0,1.628625,
321,WTSP75.wav,yes,yes,,,NA,0,1.43085416666667,
322,WTSP76.wav,no,no,no,,NA,0,1.38627083333333,
323,WTSP77.wav,no,no,no,,NA,0,1.42349206349206,
324,WTSP78.wav,no,no,no,NA,NA,0,1.17546875,
325,WTSP79.wav,no,no,no,NA,NA,0,2.25033333333333,
326,WTSP80.wav,no,no,no,NA,NA,0,1.44014583333333,
327,WTSP81.wav,no,no,no,doublet drops?,NA,0,1.76387755102041,
328,WTSP82.wav,trim,use,yes,doublet drops,NA,0,0.9,
329,WTSP83.wav,no,yes,yes,doublet,NA,0,1.348125,
330,WTSP84.wav,trim,no,yes,doublet drops,NA,0,1.8165625,
331,WTSP85.wav,no,no,no,doublet drops,NA,0,1,
332,WTSP86.wav,trim,use/trim,yes,doublet drops,28,0.5,1.45,
333,WTSP87.wav,no,trim,yes,triplet?,NA,0,1.1,alt: threshold to 23 (halp?)
334,WTSP88.wav,no,yes,yes,NA,NA,0,1.7975625,
335,WTSP89.wav,no,no,no,NA,NA,0,1.8159375,
336,WTSP90.wav,no,no,no,doublet drops,NA,0,1.94739229024943,
337,WTSP91.wav,yes,yes,,,NA,0,1.52026041666667,
338,XC14297_terminal_strophes.wav,yes,use,,doublet,30,0,1.24009070294785,
339,XC14298_terminal_strophes.wav,yes,yes,,doublet drops?,NA,0,1.60160997732426,
340,XC16937_terminal_strophes.wav,no,trim,no,doublet,NA,0,1.1,
341,XC33226_terminal_strophes.wav,no,yes,yes,doublet,NA,0,1.28877551020408,
342,XC52450_terminal_strophes.wav,no,yes,yes,,NA,0,1.99316666666667,
343,XC77875_terminl_strophes.wav,yes,yes,,doublet,NA,0,1.91537414965986,
344,XC83546_terminal_strophes.wav,yes,yes,,,NA,0,1.86131519274376,
345,XC89189_terminal_strophes.wav,yes,yes,,,NA,0,1.38551020408163,
346,XC137567_terminal_strophes.wav,no,yes,yes,,NA,0,1.9502947845805,
347,XC141294_terminal_strophes.wav,no,yes,yes,doublet,NA,0,1.62571428571429,
348,XC141419_terminal_strophes.wav,no,no,no,doublet,NA,0,0.9,
349,XC142150_terminal_strophes.wav,no,use,yes,,23,0,1.5,
350,XC147689_terminal_strophes.wav,yes,use,yes,doublet drops,30,0,1.18600907029478,
351,XC147925_terminal_strophes.wav,no,no,no,NA,NA,0,1.68213151927438,
352,XC153309_terminal_strophes.wav,no,no,yes,,NA,0,1.93269841269841,
353,XC154441_terminal_strophes.wav,yes,use,yes,doublet drops,20,0,1.15458049886621,
354,XC185150_terminal_strophes.wav,yes,yes,,,NA,0,1.45036281179138,
355,XC188417_terminal_strophes.wav,no,no,no,NA,NA,0,2.63814058956916,
356,XC188449_terminal_strophes.wav,yes,use/trim,,,18,0,1.15,
357,XC188748_terminal_strophes.wav,no,no,no,NA,NA,0,1.20033333333333,
358,XC188828_terminal_strophes.wav,no,use,no,doublet,NA,0.75,1.70913832199546,
359,XC189064_terminal_strophes.wav,yes,use,yes,doublet drops,22,0,1.66977324263039,
360,XC189065_terminal_strophes.wav,no,use/trim,no,doublet,24,0.3,1.75,
361,XC189293_terminal_strophes.wav,no,no,yes,triplet?,NA,0,1.12310657596372,ambiguous?
362,XC189812_terminal_strophes.wav,yes,yes,yes,doublet drops,NA,0,1.34335600907029,
363,XC190047_terminal_strophes.wav,yes,use,yes,doublet drops,30,0,1.46873015873016,
364,XC190052_terminal_strophes.wav,yes,yes,,doublet drops?,NA,0,1.00328798185941,
365,XC191897_terminal_strophes.wav,yes,yes,,,NA,0,1.39893424036281,
366,XC192191_terminal_strophes.wav,no,no,no,NA,NA,0,1.50401360544218,
367,XC210426_terminal_strophes.wav,no,yes,yes,doublet,NA,0,1.145375,
368,XC234159_terminal_strophes.wav,no,no,no,NA,NA,0,1.73988662131519,
369,XC236559_terminal_strophes.wav,no,trim,no,NA,NA,0.03,1.15,ambiguous?
370,XC237030_terminal_strophes.wav,no,no,no,doublet,NA,0,0.961746031746032,
371,XC237649_terminal_strophes.wav,trim,no,yes,doublet drops,NA,0,1.1,alt: threshold to 10%
372,XC247314_terminal_strophes.wav,no,no,no,,NA,0,1.33204081632653,
373,XC248010_terminal_strophes.wav,yes,yes,,,NA,0,1.35471655328798,
374,XC248011_terminal_strophes.wav,yes,yes,,,NA,0,1.19587301587302,
375,XC248012_terminal_strophes.wav,yes,yes,,,NA,0,1.97092970521542,
376,XC255486_terminal_strophes.wav,no,no,no,,NA,0,1.34571428571429,
377,XC265364_terminal_strophes.wav,no,no,no,,NA,0,2.45492063492063,
378,XC284004_terminal_strophes.wav,no,use,yes,,20,0,2.33274376417234,
379,XC296901_terminal_strophes.wav,no,no,no,NA,NA,0,1.90335416666667,
380,XC296909_terminal_strophes.wav,yes,yes,,,NA,0,1.23266666666667,
381,XC296910_terminal_strophes.wav,no,trim,yes,,NA,0,1.25,
382,XC297384_terminal_strophes.wav,no,no,no,,NA,0,1.20983333333333,
383,XC297603_terminal_strophes.wav,yes,yes,,doublet drops,NA,0,1.77320833333333,
384,XC297606_terminal_strophes.wav,yes,yes,,,NA,0,2.96277083333333,
385,XC298776_terminal_strophes.wav,yes,yes,,,NA,0,1.91986394557823,
386,XC310232_terminal_strophes.wav,yes,yes,,,NA,0,1.47832199546485,
387,XC310235_terminal_strophes.wav,no,no,no,,NA,0,1.42226757369615,
388,XC312168_terminal_strophes.wav,no,no,no,,NA,0,1.97160997732426,
389,XC312259_terminal_strophes.wav,no,no,yes,,NA,0,2.54988662131519,
390,XC312855_terminal_strophes.wav,no,yes,yes,,NA,0,1.80727891156463,
391,XC319515_terminal_strophes.wav,no,no,no,,NA,0,1.41378684807256,
392,XC322417_terminal_strophes.wav,yes,yes,yes,doublet drops,NA,0,1.65439909297052,
393,XC322428_terminal_strophes.wav,no,yes,no,doublet drops,NA,0,2.17480725623583,
394,XC329802_terminal_strophes.wav,yes,yes,yes,doublet drops,NA,0,1.40275,
395,XC329803_terminal_strophes.wav,no,no,no,NA,NA,0,3.076625,
396,XC329805_terminal_strophes.wav,no,no,no,NA,NA,0,1.98370833333333,
397,XC329835_terminal_strophes.wav,yes,yes,yes,doublet drops,NA,0,2.10775,
398,XC329836_terminal_strophes.wav,yes,yes,yes,doublet drops,NA,0,1.668875,
399,XC329869_terminal_strophes.wav,no,no,no,,NA,0,1.60416666666667,
400,XC329880_terminal_strophes.wav,yes,yes,yes,doublet drops,NA,0,1.859875,
401,XC329881_terminal_strophes.wav,yes,yes,yes,doublet drops,NA,0,1.89652083333333,
402,XC342661_terminal_strophes.wav,no,no,no,NA,NA,0,1.33820861678005,
403,XC342662_terminal_strophes.wav,yes,yes,yes,doublet drops,NA,0,1.31124716553288,
404,XC342663_terminal_strophes.wav,no,no,no,,NA,0,1.37301587301587,
405,XC342664_terminal_strophes.wav,yes,trim,yes,doublet drops,NA,0,1.4,
406,XC363526_terminal_strophes.wav,no,use,yes,,10,0,1.15176870748299,
407,XC373459_terminal_strophes.wav,trim,no,yes,doublet drops,NA,0.4,2.16291666666667,
408,XC373510_terminal_strophes.wav,no,no,yes,,NA,0,1.71347916666667,
409,XC373803_terminal_strophes.wav,trim,trim,yes,doublet drops?,NA,0,1.35,
410,XC424319_terminal_strophes.wav,yes,yes,,,NA,0,2.02795833333333,
411,XC467600_terminal_strophes.wav,no,use/trim,no,,23,0,1.35,
412,XC480251_terminal_strophes.wav,no,no,no,NA,NA,0,2.34277083333333,